Relaxation mode,Minimum sequence similarity,Grouping version,Homology groups,Core groups,Single copy orthologous groups,Unique groups,Correct groups (2803),True Positives,False Positives,False Negatives,Recall,Precision,F-score
D1,95,1,243100,872,471,153755,60,39860,413,4988,0.8887798787013914,0.9897449904402453,0.9365491476838853,
D2,85,2,178514,5828,3444,94050,1016,42308,857,2540,0.9433642525865145,0.9801459515811421,0.961403429038892,
D3,75,3,141722,10298,5295,63937,1807,43618,1735,1230,0.9725740278273278,0.9617445372963199,0.9671289675280762,
D4,65,4,114783,12690,5597,44843,2086,44146,3278,702,0.9843471280770603,0.9308788798920378,0.9568666551066413,
D5,55,5,92482,13639,4926,32148,2113,44420,6925,428,0.9904566535854442,0.8651280553121043,0.9235599263979708,
D6,45,6,71836,13514,3984,22667,1941,44563,18100,285,0.9936452015697467,0.7111533121618818,0.8289942424496097,
D7,35,7,52338,12010,2712,15642,1533,44555,54148,293,0.9934668212629326,0.4514047192081294,0.6207549929990037,
D8,25,8,34020,9871,1737,10155,1110,44637,157860,211,0.9952952194077774,0.22043289530215263,0.360929066688229,
