Genomes,1,2,3,4
1,0.0,0.5575931449370608,0.5362431594910002,0.5559704385126231
2,0.5575931449370608,0.0,0.4315715313586761,0.4110179712941744
3,0.5362431594910002,0.4315715313586761,0.0,0.4144341085271318
4,0.5559704385126231,0.4110179712941744,0.4144341085271318,0.0
