Relaxation mode,Minimum sequence similarity,Grouping version,Homology groups,Core groups,Single copy orthologous groups,Unique groups,Correct groups (3594),True Positives,False Positives,False Negatives,Recall,Precision,F-score
D1,95,1,84773,28827,27890,35508,3286,13989,155,387,0.9730801335559266,0.9890412895927602,0.9809957924263675,
D2,85,2,74559,30883,28787,25782,3386,14197,251,179,0.987548692264886,0.9826273532668881,0.9850818762142659,
D3,75,3,69406,30255,26935,22412,3375,14243,381,133,0.9907484696716751,0.9739469365426696,0.9822758620689656,
D4,65,4,62536,28891,24008,18350,3333,14253,629,123,0.9914440734557596,0.9577341755140438,0.9742976279991798,
D5,55,5,53448,26895,20199,13243,3255,14233,1289,143,0.9900528658875904,0.9169565777605979,0.9521038196534886,
D6,45,6,43465,23773,14938,8961,3036,14194,4410,182,0.9873400111296605,0.762954203397119,0.8607640994542147,
D7,35,7,32848,19046,8924,5991,2561,14291,17674,85,0.9940873678352811,0.44708274675426246,0.6167756414406249,
D8,25,8,22179,13768,4297,3912,1771,14309,63197,67,0.9953394546466333,0.1846179650607695,0.3114647047299798,
