Genomes,1,2,3,4
1,0.0,0.396937379464948,0.37790928325839723,0.41353015935086523
2,0.396937379464948,0.0,0.3876297998691517,0.35063654604580363
3,0.37790928325839723,0.3876297998691517,0.0,0.4103411249690262
4,0.41353015935086523,0.35063654604580363,0.4103411249690262,0.0
