Relaxation mode,Minimum sequence similarity,Grouping version,Homology groups,Core groups,Single copy orthologous groups,Unique groups,Correct groups (2820),True Positives,False Positives,False Negatives,Recall,Precision,F-score
D1,95,1,217960,15669,14042,128623,2039,40034,509,2266,0.9464302600472814,0.9874454283106825,0.9665029030817329,
D2,85,2,161588,19426,15791,76819,2370,41431,970,869,0.9794562647754137,0.9771231810570505,0.9782883318969079,
D3,75,3,132056,19894,14422,53220,2369,41756,1732,544,0.9871394799054374,0.9601729212656365,0.9734694829113629,
D4,65,4,109192,19316,12165,37870,2332,41914,3113,386,0.9908747044917258,0.9308637039998223,0.9599322088243041,
D5,55,5,89096,18022,9425,27365,2237,42015,6636,285,0.9932624113475177,0.8635999260035765,0.923904080219019,
D6,45,6,69405,16007,6381,19414,2011,42077,17720,223,0.9947281323877069,0.7036640634145526,0.8242553649960331,
D7,35,7,50264,13194,3561,13375,1580,42073,52913,227,0.9946335697399528,0.4429389594255996,0.6129248430284224,
D8,25,8,32433,10403,1937,8559,1129,42115,155145,185,0.9956264775413711,0.21349994930548516,0.3516029387209885,
