Relaxation mode,Minimum sequence similarity,Grouping version,Homology groups,Core groups,Single copy orthologous groups,Unique groups,Correct groups (3605),True Positives,False Positives,False Negatives,Recall,Precision,F-score
D1,95,1,97758,26509,25523,49759,3183,13925,228,495,0.9656726768377254,0.983890341270402,0.9746963916984566,
D2,85,2,85240,28788,26554,36688,3339,14200,265,220,0.984743411927878,0.9816799170411338,0.9832092781720615,
D3,75,3,78320,28386,24714,31065,3325,14256,380,164,0.988626907073509,0.9740366220278764,0.9812775330396476,
D4,65,4,70305,27228,21930,25465,3295,14283,613,137,0.990499306518724,0.9588480128893663,0.9744167007777323,
D5,55,5,60298,25423,18154,19238,3181,14265,1373,155,0.989251040221914,0.9122010487274588,0.9491649477676494,
D6,45,6,49230,22532,13279,14060,2934,14252,4946,168,0.9883495145631068,0.742368996770497,0.8478791123802725,
D7,35,7,37660,18250,7818,10163,2444,14306,18116,114,0.9920943134535367,0.4412436000246746,0.610819350155843,
D8,25,8,25795,13409,3796,6960,1688,14332,60311,88,0.9938973647711512,0.19200728802432915,0.32183959668998346,
