Genomes,1,2,3,4
1,0.0,0.30375793675415197,0.27774938240054514,0.30815237777685156
2,0.30375793675415197,0.0,0.241825994893193,0.2093777646711884
3,0.27774938240054514,0.241825994893193,0.0,0.23290067006616377
4,0.30815237777685156,0.2093777646711884,0.23290067006616377,0.0
