Genomes,1,2,3,4
1,0.0,0.5259793291841506,0.5064613772629374,0.5281149614805128
2,0.5259793291841506,0.0,0.3979823954109386,0.38039189791505024
3,0.5064613772629374,0.3979823954109386,0.0,0.3897307808361552
4,0.5281149614805128,0.38039189791505024,0.3897307808361552,0.0
