Relaxation mode,Minimum sequence similarity,Grouping version,Homology groups,Core groups,Single copy orthologous groups,Unique groups,Correct groups (3605),True Positives,False Positives,False Negatives,Recall,Precision,F-score
D1,95,1,97758,26509,25523,49759,3183,13925,208,495,0.9656726768377254,0.9852826717611265,0.9753791195320981,
D2,85,2,85240,28788,26554,36688,3339,14200,272,220,0.984743411927878,0.9812050856826976,0.9829710646545757,
D3,75,3,78320,28386,24714,31065,3325,14256,374,164,0.988626907073509,0.9744360902255639,0.9814802065404474,
D4,65,4,70305,27228,21930,25465,3295,14283,604,137,0.990499306518724,0.959427688587358,0.9747159381717678,
D5,55,5,60298,25423,18154,19238,3181,14265,1367,155,0.989251040221914,0.9125511770726714,0.94935445228271,
D6,45,6,49230,22532,13279,14060,2934,14252,4863,168,0.9883495145631068,0.7455924666492284,0.8499776353063964,
D7,35,7,37660,18250,7818,10163,2444,14306,18156,114,0.9920943134535367,0.4406998952621527,0.6102981954694765,
D8,25,8,25795,13409,3796,6960,1688,14332,60565,88,0.9938973647711512,0.19135612908394195,0.3209243481084228,
