Relaxation mode,Minimum sequence similarity,Grouping version,Homology groups,Core groups,Single copy orthologous groups,Unique groups,Correct groups (3594),True Positives,False Positives,False Negatives,Recall,Precision,F-score
D1,95,1,84773,28827,27890,35508,3286,13989,155,387,0.9730801335559266,0.9890412895927602,0.9809957924263675,
D2,85,2,74559,30883,28787,25782,3386,14197,251,179,0.987548692264886,0.9826273532668881,0.9850818762142659,
D3,75,3,69406,30255,26935,22412,3375,14243,381,133,0.9907484696716751,0.9739469365426696,0.9822758620689656,
D4,65,4,62536,28891,24008,18350,3333,14253,639,123,0.9914440734557596,0.9570910556003224,0.9739647396473965,
D5,55,5,53448,26895,20199,13243,3255,14233,1290,143,0.9900528658875904,0.9168975069252078,0.9520719756513597,
D6,45,6,43465,23773,14938,8961,3036,14194,4436,182,0.9873400111296605,0.7618894256575416,0.8600860449615221,
D7,35,7,32848,19046,8924,5991,2561,14291,17668,85,0.9940873678352811,0.44716668231171186,0.6168555087946476,
D8,25,8,22179,13768,4297,3912,1771,14309,62515,67,0.9953394546466333,0.18625689888576485,0.31379385964912276,
