Genomes,1,2,3,4
1,0.0,0.24833069669015673,0.20104449728260865,0.26120689655172413
2,0.24833069669015673,0.0,0.23989588755856328,0.2006430457371604
3,0.20104449728260865,0.23989588755856328,0.0,0.26080473813912075
4,0.26120689655172413,0.2006430457371604,0.26080473813912075,0.0
