Genomes,1,2,3,4
1,0.0,0.43183010356248974,0.41008312087978394,0.4489243734752717
2,0.43183010356248974,0.0,0.4142128358995829,0.37942234818329457
3,0.41008312087978394,0.4142128358995829,0.0,0.4366538602268569
4,0.4489243734752717,0.37942234818329457,0.4366538602268569,0.0
