Relaxation mode,Minimum sequence similarity,Grouping version,Homology groups,Core groups,Single copy orthologous groups,Unique groups,Correct groups (3594),True Positives,False Positives,False Negatives,Recall,Precision,F-score
D1,95,1,84773,28827,27890,35508,3286,13989,144,387,0.9730801335559266,0.9898110804500106,0.981374302851731,
D2,85,2,74559,30883,28787,25782,3386,14197,243,179,0.987548692264886,0.9831717451523546,0.9853553581343698,
D3,75,3,69406,30255,26935,22412,3375,14243,377,133,0.9907484696716751,0.9742134062927497,0.9824113670851152,
D4,65,4,62535,28892,24009,18349,3333,14253,648,123,0.9914440734557596,0.9565129857056573,0.9736653345629676,
D5,55,5,53448,26895,20199,13243,3255,14233,1294,143,0.9900528658875904,0.9166612996715399,0.9519446209410426,
D6,45,6,43465,23773,14938,8961,3036,14194,4371,182,0.9873400111296605,0.7645569620253164,0.861783188124222,
D7,35,7,32848,19046,8924,5991,2561,14291,17642,85,0.9940873678352811,0.4475307675445464,0.6172018398151548,
D8,25,8,22179,13768,4297,3912,1771,14309,62148,67,0.9953394546466333,0.18715094759145665,0.3150617066484648,
