Relaxation mode,Minimum sequence similarity,Grouping version,Homology groups,Core groups,Single copy orthologous groups,Unique groups,Correct groups (3105),True Positives,False Positives,False Negatives,Recall,Precision,F-score
D1,95,1,212120,6139,5216,153003,772,19556,195,5284,0.7872785829307568,0.9901270821730546,0.8771276715032181,
D2,85,2,152251,15475,12208,96295,2235,23650,315,1190,0.9520933977455717,0.986855831420822,0.9691629955947136,
D3,75,3,123596,18141,12340,69509,2458,24255,733,585,0.9764492753623188,0.9706659196414279,0.9735490085895481,
D4,65,4,101940,18205,10245,51364,2434,24484,1729,356,0.9856682769726248,0.9340403616526152,0.9591600885354435,
D5,55,5,83304,17171,7619,38048,2306,24590,3712,250,0.9899355877616747,0.8688431912939015,0.9254450340596891,
D6,45,6,65779,15463,5164,27583,2034,24668,11281,172,0.9930756843800322,0.6861943308576038,0.8115942028985507,
D7,35,7,48670,13048,3095,19112,1596,24671,35778,169,0.9931964573268921,0.4081291667355953,0.5785271254206287,
D8,25,8,32296,10420,1853,12137,1143,24681,127970,159,0.9935990338164251,0.16168253074005412,0.27810987599371234,
